title,url,budget,client,posted_date,crawled_at
【簡単アンケート業務！】在宅ワークに関してのアンケート調査業務です！【実績になる！】,https://crowdworks.jp/public/jobs/11607751,"50,000",アンケート対応スタッフ,2025-01-07,2025-01-17T00:17:42.669166
【在宅・時間自由】初心者歓迎！パソコンで画像のデータを入力する仕事①,https://crowdworks.jp/public/jobs/11621634,1,sirousagi,2025-01-10,2025-01-17T00:17:42.670331
【時給2000円以上可能】Vtuber（Vライバー）のお仕事,https://crowdworks.jp/public/jobs/11640449,予算未設定,ライバー事務所 ラカプロ,2025-01-16,2025-01-17T00:17:42.670583
アパレル系のInstagram投稿作成サポートをお願いします！,https://crowdworks.jp/public/jobs/11644547,予算未設定,And Cherish,2025-01-17,2025-01-17T00:17:42.670789
【ゲーム好きな学生の方 急募！】大量募集！動画編集！初心者okです！VtuberのYouTube切り抜き 主婦、学生、大歓迎,https://crowdworks.jp/public/jobs/11644543,"10,000",ponsaku,2025-01-17,2025-01-17T00:17:42.670957
【経験者さま優遇★完全在宅★ご自身のペースで】ebayリサーチ業務／1件70円／利益15%還元／女性中心の楽しい職場です♪,https://crowdworks.jp/public/jobs/11601430,予算未設定,ぴこ0505,2025-01-05,2025-01-17T00:17:42.672496
「ことばで人をつなぐ 日本語の学び舎」という企業イメージを表すロゴデザイン,https://crowdworks.jp/public/jobs/11629070,予算未設定,株式会社日学舎,2025-01-13,2025-01-17T00:17:42.672707
産業用コンピュータ(B2B)紹介サイトのリニューアル(要件定義・プロマネ業務含む),https://crowdworks.jp/public/jobs/11625863,予算未設定,PiLink_能方,2025-01-11,2025-01-17T00:17:42.674960
業務用エアコンクリーニング・A4両面 / 4色カラーチラシデザイン,https://crowdworks.jp/public/jobs/11644431,予算未設定,HARE8080,2025-01-16,2025-01-17T00:17:42.679210
【1本1500円】2chYouTubeショート動画の編集！【長期継続案件】,https://crowdworks.jp/public/jobs/11644427,"50,000",ねるねこ,2025-01-16,2025-01-17T00:17:42.679383
"【60秒/1,000円】2ch系YouTubeショート動画の編集のお仕事！",https://crowdworks.jp/public/jobs/11644425,予算未設定,ねるねこ,2025-01-16,2025-01-17T00:17:42.679585
【継続依頼】Youtubeショートの動画編集者募集！【主婦・大学生歓迎】,https://crowdworks.jp/public/jobs/11644423,"10,000",ねるねこ,2025-01-16,2025-01-17T00:17:42.679732
"【高単価/1本10,000円～】ゆっくり解説の動画編集者さんを募集中です【長期継続あり】",https://crowdworks.jp/public/jobs/11644410,予算未設定,skoffice,2025-01-16,2025-01-17T00:17:42.679920
WEBマガジン（電子書籍）のデザイン制作｜表紙雑誌KindleAmazonノートデザインLPページECWEBアドビ,https://crowdworks.jp/public/jobs/11644395,"10,000",ECサイト運営コンサル,2025-01-16,2025-01-17T00:17:42.680094
"【旅行好きの方必見！1記事3,000円〜】世界遺産記事作成",https://crowdworks.jp/public/jobs/11644387,予算未設定,pestan90,2025-01-16,2025-01-17T00:17:42.680290
【簡単！サクッと短時間】指定美顔器の使用感などに答えて頂くアンケートです。,https://crowdworks.jp/public/jobs/11644377,予算未設定,倉田彩那,2025-01-16,2025-01-17T00:17:42.680491
【インスタグラムのリール動画】旅行系Vlog動画作成！！,https://crowdworks.jp/public/jobs/11636091,"10,000",nunuo23,2025-01-16,2025-01-17T00:17:42.680643
